category,date,link,num,title
 FEND Basic P4: 电子简历,2天,http://discussions.youdaxue.com/t/atom/43585/8,1,怎样可以直到atom安装了在哪里？
 提问,6月27日,http://discussions.youdaxue.com/t/p6-npm-install/43528/2,1,关于p6中应用二维码的npm install失败的问题，请教大家。
 提问,6月23日,http://discussions.youdaxue.com/t/grunt/43395/8,4,关于grunt的问题
 提问,6月23日,http://discussions.youdaxue.com/t/show-listing-hide-listing/43430/2,1,添加show-listing 和hide-listing 功能
 FEND Basic P3: 搭建你的作品集网站,6月21日,http://discussions.youdaxue.com/t/21-14/43392/7,1,课程21的14节课练习辅助材料损坏了
 提问,6月20日,http://discussions.youdaxue.com/t/grunt-wrong-jpeg-library-version/42842/4,2,使用grunt批量压缩图片时报错 Wrong JPEG Library Version
 提问,6月17日,http://discussions.youdaxue.com/t/mac-git-sublime-text/43296/2,1,Mac设置git工作空间问题（Sublime Text）
 精品,6月16日,http://discussions.youdaxue.com/t/chrome/43287,1,【教程】如何用 Chrome 查出内存泄漏
 提问,6月15日,http://discussions.youdaxue.com/t/topic/42019/2,1,关于课程21中二维码应用练习的问题
 提问,6月6日,http://discussions.youdaxue.com/t/i-wikipedia/42906/2,1,为什么我i的wikipedia无法查看
 FEND：绝地圣殿,6月6日,http://discussions.youdaxue.com/t/topic/42893/4,2,毕业证书一直无法查看
 提问,6月6日,http://discussions.youdaxue.com/t/3-4/42849/4,2,谋杀之谜（3-4）
 提问,6月5日,http://discussions.youdaxue.com/t/3-3/42812/2,1,音乐团体3-3
 提问,6月5日,http://discussions.youdaxue.com/t/32-cry-5-5/42772/4,1,课程32 练习cry（5-5）不知道错哪里了！
 提问,6月2日,http://discussions.youdaxue.com/t/2-12/42605/2,1,一条常见的消息（2-12）正确答案是什么
 提问,6月2日,http://discussions.youdaxue.com/t/icon/42535/2,1,Icon类的属性都是什么意思？
 提问,6月2日,http://discussions.youdaxue.com/t/marker-addlistener/42568/2,1,marker.addListener 报错
 提问,6月1日,http://discussions.youdaxue.com/t/29-2-8/42546/2,1,课程29 2-8
